四红,2013/08/28,100000,380
红发·赤影,2014/8/28,100000,380
捕风捉影·玄索,2014/8/28,20000,200
捕风捉影·纵鹰,2014/8/28,20000,200
彩云归·繁花,2014/8/28,26500,200
彩云归·桑节,2014/8/28,26500,200
沧海间·逝水,2014/8/28,36000,200
沧海间·烟扣,2014/8/28,30000,200
策马弯弓·河洲,2014/8/28,42500,200
策马弯弓·若如,2014/8/28,42500,200
繁·月升,2014/8/28,43200,200
繁·烛灿,2014/8/28,43200,200
风华倾国·时难,2014/8/28,50000,200
风华倾国·谁懂,2014/8/28,50000,200
贺华岁·谷雨,2014/8/28,28000,200
贺华岁·情阅,2014/8/28,32000,200
花开云隐·春松,2014/8/28,20000,200
花开云隐·秋菊,2014/8/28,20000,200
火舞阳炎·未翔,2014/8/28,20000,200
火舞阳炎·杏甜,2014/8/28,20000,200
紧那罗歌·波吟,2014/8/28,20000,200
紧那罗歌·晓镜,2014/8/28,20000,200
罗姆之舞·碧华,2014/8/28,34000,200
罗姆之舞·皓质,2014/8/28,30000,200
墨韵青髓·霓,2014/8/28,20000,200
墨韵青髓·玄,2014/8/28,20000,200
风露霜华·蚀,2014/8/28,20000,200
风露霜华·咏,2014/8/28,20000,200
阳春·冰,2014/8/28,30000,200
阳春·海,2014/8/28,30500,200
夜斩白·华年,2014/8/28,200000,200
夜斩白·月吟,2014/8/28,100000,200
玉蟒游龙·珥,2014/8/28,20000,200
玉蟒游龙·鲜,2014/8/28,20000,200
定风波·白虹惊天,2014/12/18,60000,688
定风波·苍穹之握,2014/12/18,60000,688
定风波·烽火连城,2014/12/18,60000,688
定风波·黑枭散羽,2014/12/18,120000,688
定风波·君子如龙,2014/12/18,120000,688
定风波·离魄幽梦,2014/12/18,60000,688
留春令·绛纱蕴,2015/3/23,3200,688
留春令·千樱乱,2015/3/23,1500,688
留春令·越沧溟,2015/3/23,3000,688
留春令·云叠浪,2015/3/23,5000,688
留春令·栽火莲,2015/3/23,50000,688
留春令·祚白翎,2015/3/23,3300,688
西宫胃宿,2015/3/23,2800,180
夏初临·霏雨延泽,2015/6/8,600,688
夏初临·凰尾白绫,2015/6/8,600,688
夏初临·深宵余梦,2015/6/8,600,688
夏初临·肆翼漆纱,2015/6/8,600,688
夏初临·枭皇浴火,2015/6/8,1250,688
夏初临·一步银华,2015/6/8,600,688
风不欺·绿野,2015/8/27,2300,280
风不欺·素晚,2015/8/27,850,280
红发·火卷珠帘,2015/8/27,39000,380
九曲东溟·西天,2015/8/27,300,280
九曲东溟·渊缘,2015/8/27,110,280
人面春风·华香,2015/8/27,1500,280
人面春风·剪翼,2015/8/27,1500,280
山河颂·剑意白虹,2015/8/27,1800,688
山河颂·金池观鱼,2015/8/27,3200,688
山河颂·六翼流苏,2015/8/27,28000,688
山河颂·青翎翠羽,2015/8/27,4800,688
山河颂·云莲素荷,2015/8/27,1850,688
山河颂·周公御龙,2015/8/27,4500,688
桃花流水·清兮,2015/8/27,1550,280
桃花流水·情悦,2015/8/27,2200,280
大梦千年,2015/9/24,500,280
千秋岁·暗夜星辰,2015/10/19,950,688
千秋岁·皎灵素媚,2015/10/19,51600,688
千秋岁·琼御孤鸾,2015/10/19,650,688
千秋岁·天辉抱月,2015/10/19,1750,688
千秋岁·天火流丹,2015/10/19,1080,688
千秋岁·钰瓣千华,2015/10/19,1200,688
闇换年轮·宝扇,2015/11/11,2500,280
闇换年轮·绸绦,2015/11/11,350,280
闇换年轮·杏芳,2015/11/11,360,280
闇换年轮·馔玉,2015/11/11,980,280
金陵意气·春风,2015/11/11,130,280
金陵意气·福源,2015/11/11,120,280
金陵意气·鸿图,2015/11/11,120,280
金陵意气·吉兆,2015/11/11,110,280
无色舞·寒江,2015/11/11,250,280
无色舞·落霜,2015/11/11,150,280
无色舞·凝露,2015/11/11,150,280
无色舞·雾谷,2015/11/11,150,280
云间金月·点漆,2015/11/11,5500,280
云间金月·镶云,2015/11/11,3850,280
云间金月·星野,2015/11/11,11500,280
云间金月·月影,2015/11/11,3600,280
金陵凤,2015/12/12,17000,280
梅雪馨·鸿度几何,2015/12/12,700,688
梅雪馨·凤翎鸣冬,2015/12/12,700,688
梅雪馨·浮刃飒沓,2015/12/12,700,688
梅雪馨·河汉飞星,2015/12/12,700,688
梅雪馨·红菱相忆,2015/12/12,700,688
梅雪馨·暮紫须臾,2015/12/12,700,688
红发·曙景华年,2016/1/28,1030,380
金发·因陀罗,2016/2/29,6200,280
如意金箍,2016/2/29,450,180
高唐云梦·兰陵幽思,2016/3/24,700,688
高唐云梦·桃源春晓,2016/3/24,688,688
高唐云梦·锋芒傲骨,2016/3/24,3150,688
高唐云梦·落英解语,2016/3/24,550,688
高唐云梦·秋渚夜雨,2016/3/24,600,688
高唐云梦·青霄北斗,2016/3/24,740,688
金发·璨月蝶心,2016/4/28,10000,280
九壤垂绫·灵运,2016/4/28,700,280
九壤垂绫·焉何,2016/4/28,550,280
九壤垂绫·絆染,2016/4/28,1300,280
九壤垂绫·横慧,2016/4/28,650,280
兰庭轻罗·金烬,2016/4/28,1000,280
兰庭轻罗·新翠,2016/4/28,900,280
兰庭轻罗·冷绣,2016/4/28,1040,280
兰庭轻罗·凤香,2016/4/28,980,280
宿世明光·皇穷绝封,2016/6/8,1200,688
宿世明光·血凰流火,2016/6/8,1000,688
宿世明光·月华织光,2016/6/8,1000,688
宿世明光·莹扇轻罗,2016/6/8,1200,688
宿世明光·血色惊鸿,2016/6/8,1000,688
宿世明光·紫烟薄云,2016/6/8,1000,688
禹梦九天·胭脂,2016/7/14,350,280
禹梦九天·蓝翼,2016/7/14,350,280
禹梦九天·紫羽,2016/7/14,350,280
禹梦九天·缃黄,2016/7/14,350,280
长天秋鸿·嫣红,2016/7/14,300,280
长天秋鸿·湖蓝,2016/7/14,350,280
长天秋鸿·黍麦,2016/7/14,340,280
长天秋鸿·天霜,2016/7/14,310,280
春水鸿颜礼盒,2016/8/8,3000,688
九阙天影礼盒,2016/8/25,7800,888
云锦梦华礼盒,2016/8/25,1570,888
金风玉露·素玉鸾翔,2016/8/25,310,688
金风玉露·晴云紫氛,2016/8/25,650,688
金风玉露·鹤梳翎,2016/8/25,300,688
金风玉露·山樱语,2016/8/25,400,688
金风玉露·澹烟生,2016/8/25,500,688
金风玉露·青青子衿,2016/8/25,500,688
红发·烨华,2016/8/25,250,380
岚空月隐礼盒·古影,2016/9/14,1020,588
岚空月隐礼盒·今生,2016/9/14,850,588
岚空月隐·古影,2016/9/14,1020,520
岚空月隐·今生,2016/9/14,850,520
万态皆寐·重缦轻罗,2016/10/17,700,688
万态皆寐·从云真意,2016/10/17,1040,688
万态皆寐·丛云凋雪,2016/10/17,700,688
万态皆寐·栩栩蝶翼,2016/10/17,1600,688
万态皆寐·鎏金火凰,2016/10/17,1200,688
万态皆寐·黄龙乘云,2016/10/17,400,688
金发·溶金卷波,2016/11/11,270,280
封川云色·惆月,2016/11/11,300,280
封川云色·渭青,2016/11/11,300,280
封川云色·迷津,2016/11/11,280,280
封川云色·江云,2016/11/11,285,280
盛装舞步·浅语,2016/11/11,520,280
盛装舞步·霰冰,2016/11/11,450,280
盛装舞步·薄嗅,2016/11/11,400,280
盛装舞步·冬阳,2016/11/11,490,280
大千高华·迷星黯渊,2016/12/12,450,688
大千高华·紫霄凤翎,2016/12/12,450,688
大千高华·蝶偶嬉尘,2016/12/12,450,688
大千高华·易水寒,2016/12/12,450,688
大千高华·云汉月痕,2016/12/12,300,688
大千高华·玉树琼葩,2016/12/12,300,688
盘龙凤舞礼盒,2017/1/19,1500,888
红发·红弦别夜,2017/1/19,170,380
袖手升平礼盒,2017/2/9,1790,520
水云寒·重风,2017/2/20,140,280
水云寒·桑海,2017/2/20,140,280
水云寒·写晖,2017/2/20,140,280
水云寒·雪涛,2017/2/20,160,280
沐云飞·今宵,2017/2/20,140,280
沐云飞·前欢,2017/2/20,140,280
沐云飞·春信,2017/2/20,140,280
沐云飞·棹月,2017/2/20,140,280
金发·月华半胧,2017/2/20,180,280
琼树玉堂·雨流泉,2017/3/16,300,688
琼树玉堂·几度春,2017/3/16,300,688
琼树玉堂·九重冥,2017/3/16,310,688
琼树玉堂·枝妆曲,2017/3/16,320,688
琼树玉堂·化翼归,2017/3/16,350,688
琼树玉堂·明如雪,2017/3/16,370,688
金发·浮生乐,2017/4/20,170,280
月凝清宵·流蕴,2017/4/20,70,280
月凝清宵·高烛,2017/4/20,70,280
月凝清宵·品玉,2017/4/20,70,280
月凝清宵·嗅腻,2017/4/20,70,280
微草凌波·武陵,2017/4/20,160,280
微草凌波·暮雨,2017/4/20,160,280
微草凌波·团浓,2017/4/20,155,280
微草凌波·盘京,2017/4/20,300,280
鹤影天青礼盒,2017/5/18,700,888
沉醉东风·玲珑意,2017/5/18,630,688
沉醉东风·透碧宵,2017/5/18,595,688
沉醉东风·千风羽,2017/5/18,600,688
沉醉东风·飞凰乐,2017/5/18,600,688
沉醉东风·业火劫,2017/5/18,530,688
沉醉东风·琼芳引,2017/5/18,280,688
金发·陌上相思,2017/6/8,370,280
重天冥寞·梨棠,2017/6/8,280,280
重天冥寞·飞笙,2017/6/8,280,280
重天冥寞·照晚,2017/6/8,300,280
重天冥寞·夜歌,2017/6/8,230,280
天涯暮归·空亭,2017/6/8,290,280
天涯暮归·游浦,2017/6/8,280,280
天涯暮归·宴陵,2017/6/8,300,280
天涯暮归·旌湖,2017/6/8,280,280
天穹掠影礼盒,2017/8/19,600,888
北望天狼礼盒,2017/8/19,500,888
烟雨笙歌·庭棠疏帘,2017/8/24,200,688
烟雨笙歌·征鸿点苍,2017/8/24,200,688
烟雨笙歌·天玄御影,2017/8/24,200,688
烟雨笙歌·汉宫飞鸾,2017/8/24,200,688
烟雨笙歌·沧海飞尘,2017/8/24,200,688
烟雨笙歌·古亭镜花,2017/8/24,200,688
红发·赤辰凌风,2017/8/24,270,380
韶华春秋礼盒,2017/8/28,700,520
鬼域·扶桑,2017/9/4,90,120
鬼域·返魂,2017/9/4,90,120
鬼域·怀梦,2017/9/4,100,120
澜云意礼盒,2017/9/28,300,688
金发·山亭燕月,2017/9/28,120,280
杳凝霜,2017/10/4,40,120
月兔归,2017/10/4,70,120
秋叶凝霜礼盒,2017/10/20,1850,588
霜风云隐·秋霁,2017/10/20,190,150
山河入画·丹枫翊麾,2017/11/11,200,688
山河入画·星河云梦,2017/11/11,170,688
山河入画·灼灼桃夭,2017/11/11,190,688
山河入画·点墨凝湘,2017/11/11,220,688
山河入画·玄墨焰凰,2017/11/11,210,688
山河入画·侧帽风流,2017/11/11,200,688
锦夜游·霜风,2017/11/11,80,280
锦夜游·丹彤,2017/11/11,80,280
锦夜游·云青,2017/11/11,80,280
锦夜游·鎏华,2017/11/11,80,280
锦夜游·蔚苍,2017/11/11,80,280
锦夜游·墨羽,2017/11/11,80,280
霆螭·凝霜,2017/11/11,150,280
霆螭·碧松,2017/11/11,150,280
霆螭·黛渚,2017/11/11,150,280
霆螭·煌天,2017/11/11,150,280
霆螭·玄苍,2017/11/11,150,280
霆螭·月华,2017/11/11,155,280
踏月乱红·锦衣,2017/12/12,150,280
踏月乱红·春水,2017/12/12,150,280
金发·淡月微波,2017/12/12,250,280
踏月乱红·沧浪,2017/12/12,150,280
踏月乱红·横塘,2017/12/12,150,280
踏月乱红·濯香,2017/12/12,190,280
踏月乱红·幽梦,2017/12/12,160,280
寒梅雪琼·日暮,2017/12/12,320,280
寒梅雪琼·竹月,2017/12/12,275,280
寒梅雪琼·晚萼,2017/12/12,310,280
寒梅雪琼·淡云,2017/12/12,300,280
寒梅雪琼·玉露,2017/12/12,270,280
寒梅雪琼·空山,2017/12/12,200,280
阳春·霜,2017/12/29,380,200
阳春·月,2017/12/29,300,200
繁·折风,2017/12/29,450,200
繁·故幽,2017/12/29,460,200
墨韵青髓·若茗,2017/12/29,300,200
墨韵青髓·黛初,2017/12/29,300,200
风露霜华·晓,2017/12/29,350,200
风露霜华·沧,2017/12/29,330,200
沧海间·沉歌,2017/12/29,240,200
沧海间·玉魄,2017/12/29,235,200
贺华岁·霜降,2017/12/29,340,200
贺华岁·惊蛰,2017/12/29,300,200
夜斩白·崇舟,2017/12/29,580,200
夜斩白·陌隐,2017/12/29,350,200
玉蟒游龙·胧,2017/12/29,300,200
玉蟒游龙·蕴,2017/12/29,300,200
罗姆之舞·弦月,2017/12/29,680,200
罗姆之舞·拂秀,2017/12/29,500,200
捕风捉影·无痕,2017/12/29,420,200
捕风捉影·惊情,2017/12/29,450,200
紧那罗歌·飞涯,2017/12/29,290,200
紧那罗歌·点霜,2017/12/29,310,200
花开云隐·凝芳,2017/12/29,450,200
花开云隐·蔓菁,2017/12/29,480,200
挂宠·滚滚,2017/12/29,4500,388
挂宠·辰昊,2017/12/29,12700,388
雪月交晖,2018/1/1,1000,280
暖馨匣,2018/1/24,200,188
飒西风·清江,2018/1/24,600,280
飒西风·苍璧,2018/1/24,700,280
飒西风·雪回,2018/1/24,700,280
飒西风·陵烟,2018/1/24,600,280
飒西风·丹壑,2018/1/24,650,280
飒西风·龙旌,2018/1/24,600,280
陌上窈窕礼盒,2018/2/8,920,888
望云引凤·山椿,2018/2/8,370,280
望云引凤·华胥,2018/2/8,350,280
望云引凤·垂杨,2018/2/8,350,280
望云引凤·玉烛,2018/2/8,320,280
望云引凤·春潮,2018/2/8,280,280
望云引凤·绛霞,2018/2/8,300,280
牵云曳雪·红梅,2018/2/8,200,280
牵云曳雪·金鲤,2018/2/8,200,280
牵云曳雪·碧屏,2018/2/8,200,280
牵云曳雪·秋华,2018/2/8,200,280
牵云曳雪·雪舟,2018/2/8,170,280
牵云曳雪·玉人,2018/2/8,200,280
红发·凤带金屏,2018/2/8,340,380
锦堂画春·九天玄影,2018/2/8,270,688
锦堂画春·千家烟雨,2018/2/8,260,688
锦堂画春·瑞鹤仙羽,2018/2/8,250,688
锦堂画春·烟雨岚山,2018/2/8,250,688
锦堂画春·鸾歌凤舞,2018/2/8,250,688
锦堂画春·云破月开,2018/2/8,250,688
踏花归梦·凝胭,2018/2/14,650,380
踏花归梦·暮萤,2018/2/14,650,380
踏花归梦·千照,2018/2/14,650,380
鸾凤同心,2018/2/14,200,188
挂宠·肉肉,2018/3/2,410,388
挂宠·团团,2018/3/2,630,388
流徽玄枝礼盒,2018/3/2,1600,888
红梅悬芳礼盒,2018/3/2,1350,888
挂宠·闹闹,2018/3/2,420,388
中宵白露·渊霜,2018/3/2,400,280
中宵白露·霆露,2018/3/2,360,280
中宵白露·幽檀,2018/3/2,390,280
中宵白露·瞳星,2018/3/2,400,280
中宵白露·靖墨,2018/3/2,400,280
中宵白露·染枫,2018/3/2,425,280
瑶池戏月·暮风,2018/3/2,180,200
瑶池戏月·春枝,2018/3/2,180,200
策马弯弓·良宵,2018/3/2,350,200
策马弯弓·雪月,2018/3/2,420,200
风华倾国·丹凤,2018/3/2,300,200
风华倾国·远黛,2018/3/2,350,200
鸾凤合鸣·婀娜,2018/3/2,300,200
鸾凤合鸣·清波,2018/3/2,300,200
伏光乘龙·玄影,2018/3/2,260,200
伏光乘龙·流银,2018/3/2,255,200
自在多罗·净心,2018/3/2,700,200
自在多罗·无嗔,2018/3/2,700,200
往生前夜·阳炎,2018/3/2,300,200
往生前夜·嫣然,2018/3/2,300,200
仙侣奇缘·流彩,2018/3/2,350,200
仙侣奇缘·洗碧,2018/3/2,310,200
金发·凤归云,2018/3/2,800,280
特·舟雨眠礼盒,2018/4/9,1800,588
舟雨眠·江行礼盒,2018/4/9,1000,588
舟雨眠·暮霭礼盒,2018/4/9,1250,588
舟雨眠·疏霖礼盒,2018/4/9,1200,588
舟雨眠·烟渺礼盒,2018/4/9,1250,588
兰若春夏·暮归,2018/4/9,550,280
兰若春夏·青溪,2018/4/9,700,280
兰若春夏·豆蔻,2018/4/9,350,280
兰若春夏·渝州,2018/4/9,580,280
剑歌惊月礼盒,2018/5/18,6000,888
染墨千秋礼盒,2018/5/18,2250,888
月归重云·兮和礼盒,2018/5/18,530,520
月归重云·扶光礼盒,2018/5/18,1050,520
狼绒绒,2018/6/1,240,120
兔团团,2018/6/1,400,120
豆芽芽,2018/6/1,120,120
花芽芽,2018/6/1,300,120
果芽芽,2018/6/1,150,120
心芽芽,2018/6/1,160,120
萍芽芽,2018/6/1,160,120
绿芽芽,2018/6/1,165,120
缘芽芽,2018/6/1,150,120
忆流年礼盒,2018/6/1,480,188
霜月星河礼盒,2018/6/18,1010,520
夜阑风雨礼盒,2018/6/18,700,520
金发·琉璃卷云,2018/6/18,1620,280
雪山飞狐·冰魄,2018/6/18,190,200
雪山飞狐·云魂,2018/6/18,185,200
瑞雪披霞·兰露,2018/6/18,250,200
瑞雪披霞·烟霞,2018/6/18,280,200
杯酒疏风·松鹤如谦,2018/7/26,2050,688
杯酒疏风·玉棠云盏,2018/7/26,2800,688
挂宠·丸子,2018/7/26,1400,388
挂宠·萌萌,2018/7/26,1620,388
挂宠·橘胖,2018/7/26,970,388
海晏拨云礼盒,2018/7/26,2700,588
相思云鸢礼盒,2018/8/13,1600,588
浮屠明音礼盒,2018/8/24,1500,888
碧翎叠云礼盒,2018/8/24,1700,888
幽舞华芳,2018/8/24,400,280
红发·流焰飞渊,2018/8/24,580,380
弦歌落曲,2018/8/24,200,120
幽舞华芳·衣,2018/8/24,370,280
幽舞华芳·佩囊,2018/8/24,150,120
金发·尽昭华,2018/9/21,800,280
彩云归·若霞,2018/9/21,850,200
彩云归·皎月,2018/9/21,380,200
潇湘云水·金霄,2018/9/21,900,200
潇湘云水·玄云,2018/9/21,380,200
挂宠·雪絮,2018/9/24,300,388
挂宠·琉云,2018/9/24,300,388
挂宠·弦月,2018/9/24,240,388
月梦清秋礼盒,2018/9/24,600,520
容与逍遥·永逸,2018/10/15,280,280
容与逍遥·自适,2018/10/15,330,280
容与逍遥·攸游,2018/10/15,315,280
容与逍遥·忘忧,2018/10/15,260,280
鲤庭授道·绯秋翠,2018/10/15,260,688
鲤庭授道·御殿樱,2018/10/15,400,688
鲤庭授道·九纹龙,2018/10/15,400,688
宛曲流云礼盒,2018/10/15,600,520
长安着锦·碎玉,2018/11/10,400,280
长安着锦·檐月,2018/11/10,400,280
长安着锦·折枝,2018/11/10,450,280
长安着锦·远澜,2018/11/10,660,280
金发·洛邑流华,2018/11/10,300,280
天河对影·枕星,2018/12/10,120,200
天河对影·清晏,2018/12/10,120,200
凤舆龙驾·错弦,2018/12/10,110,200
凤舆龙驾·化雪,2018/12/10,120,200
远行客·古道礼盒,2018/12/11,500,520
远行客·千重礼盒,2018/12/11,450,520
远行客·烛影礼盒,2018/12/11,500,520
碧海云仙礼盒,2018/12/28,750,888
寒山拥炉礼盒,2018/12/28,450,520
明镜高悬,2019/1/24,580,280
挂宠·舞铃,2019/1/24,345,388
挂宠·斩浪,2019/1/24,290,388
挂宠·执夷,2019/1/24,410,388
红发·敛殷,2019/1/24,360,380
云中雪霁礼盒,2019/1/24,1600,888
月寒杳音·赪丹,2019/2/18,200,280
月寒杳音·凌苍,2019/2/18,200,280
月寒杳音·蛱蝶,2019/2/18,210,280
月寒杳音·庭兰,2019/2/18,170,280
金发·烨熠,2019/2/18,500,280
云锦丹绮礼盒,2019/2/18,350,520
珠玉拂帘,2019/3/18,200,120
蓬山归岚礼盒,2019/3/18,600,520
一梦浮生·辰风,2019/3/18,120,200
晓月笼纱,2019/3/18,110,120
一梦浮生·飘摇,2019/3/18,140,200
锦衣行·谒游,2019/3/18,150,200
锦衣行·夜疾,2019/3/18,120,200
曼纱旋舞礼盒,2019/4/18,2700,520
雪衣貂裘·寒山,2019/4/18,350,280
雪衣貂裘·寒江,2019/4/18,330,280
雪衣貂裘·寒月,2019/4/18,450,280
雪衣貂裘·寒川,2019/4/18,450,280
金发·天山月明,2019/4/18,600,280
雪凤·杰克,2019/5/20,270,388
日月无心礼盒,2019/5/20,1250,888
玄凤·鹦歌,2019/5/20,350,388
黑凤·护国,2019/5/20,300,388
鸢露白月·霁茗,2019/5/20,230,280
鸢露白月·琼华,2019/5/20,222,280
鸢露白月·暮鸾,2019/5/20,200,280
鸢露白月·洛翎,2019/5/20,200,280
遥海趣礼盒,2019/5/31,180,188
睏睏蛸,2019/5/31,50,120
吞吞鲛,2019/5/31,60,120
瑶瑶鲲,2019/5/31,65,120
驭海,2019/5/31,100,120
簇浪,2019/5/31,105,120
泠月兰芳礼盒,2019/6/17,350,520
金发·琼露,2019/6/17,340,280
夜隐仙·皓霜,2019/6/17,210,280
夜隐仙·翠庭,2019/6/17,170,280
夜隐仙·芳尘,2019/6/17,180,280
夜隐仙·酹月,2019/6/17,195,280
夜隐仙·凋枫,2019/6/17,170,280
夜隐仙·涧石,2019/6/17,180,280
重阙锦色·明珰,2019/6/17,170,280
重阙锦色·珠箔,2019/6/17,190,280
重阙锦色·春空,2019/6/17,165,280
重阙锦色·碧宵,2019/6/17,170,280
重阙锦色·天镜,2019/6/17,160,280
重阙锦色·赤松,2019/6/17,170,280
凌霄踏云礼盒,2019/7/18,1800,520
飞天舞阙礼盒,2019/7/18,500,520
侠影飒沓·空山,2019/7/18,240,280
侠影飒沓·流光,2019/7/18,250,280
侠影飒沓·飞瀑,2019/7/18,290,280
侠影飒沓·静庭,2019/7/18,300,280
落花逢君,2019/7/18,100,120
秋槐凝碧,2019/7/18,90,120
嬿婉同心礼盒,2019/8/5,1000,588
霜岱应元礼盒,2019/8/22,1100,888
虞渊引梦礼盒,2019/8/22,870,888
红发·棠羽,2019/8/22,370,380
烟花套,2019/8/22,11,200
越吟歌酒·霜月礼盒,2019/9/12,550,520
越吟歌酒·棠满礼盒,2019/9/12,470,520
金发·忆广寒,2019/9/12,620,280
榆塞度晚·裂衿,2019/9/12,185,280
榆塞度晚·斩芒,2019/9/12,240,280
榆塞度晚·寒塘,2019/9/12,350,280
榆塞度晚·振锋,2019/9/12,265,280
榆塞度晚·吹角,2019/9/12,320,280
榆塞度晚·落旌,2019/9/12,160,280
尽奏清商·绕纱,2019/9/12,175,280
尽奏清商·映妆,2019/9/12,175,280
尽奏清商·故岸,2019/9/12,175,280
尽奏清商·怅舟,2019/9/12,175,280
尽奏清商·晨岚,2019/9/12,175,280
尽奏清商·折笺,2019/9/12,175,280
挂宠·绥绥,2019/10/10,265,388
挂宠·亭亭,2019/10/10,360,388
挂宠·容华,2019/10/10,235,388
晓烟露痕·紫萸礼盒,2019/10/10,420,520
晓烟露痕·漱月礼盒,2019/10/10,430,520
冷霜华重·霏微,2019/10/10,200,280
冷霜华重·槛菊,2019/10/10,230,280
冷霜华重·芳萼,2019/10/10,260,280
冷霜华重·敛翠,2019/10/10,260,280
疏星冷,2019/10/10,100,120
千蛟影·丹心,2019/11/8,300,120
千蛟影·翻墨,2019/11/8,300,120
千蛟影·肃云,2019/11/8,300,120
怒雪寒鸦·明光,2019/11/12,140,120
怒雪寒鸦·鬼鸟,2019/11/12,140,120
雾影仙风·孤鸿,2019/11/12,235,280
雾影仙风·枯荷,2019/11/12,250,280
雾影仙风·绛英,2019/11/12,255,280
雾影仙风·霜奈,2019/11/12,240,280
金发·飞灵,2019/11/12,200,280
玉振天音,2019/11/12,500,688
夜烬无声,2019/11/12,600,688
玄影腾蛟礼盒,2019/11/12,500,520
沧海间·浩瀚,2019/12/12,175,200
沧海间·缥缈,2019/12/12,175,200
罗姆之舞·婵娟,2019/12/12,175,200
罗姆之舞·皓月,2019/12/12,175,200
斩夜无常礼盒,2019/12/12,650,888
劲足赤兔,2020/12/12,2000,7000
瘸腿赤兔,2020/12/12,1000,2000
三山四海,2020/12/12,1500,1500
阴阳两界,2020/12/12,1500,1500
三尺青锋,2020/12/12,500,500
塞外宝驹,2020/12/12,1500,1500
济苍生,2020/12/12,500,500
惜往日,2020/12/12,1000,1000
资历红,2020/12/12,6000,6000
资历金,2020/12/12,1500,1500
少年行,2020/12/12,100,100
生死判,2020/12/12,100,100
炼狱厨神,2020/12/12,100,100
清风捕王,2020/12/12,100,100
扶摇九天,2020/12/12,100,100
天涯无归,2020/12/12,100,100
护佑苍生,2020/12/12,100,100
虎啸山林,2020/12/12,100,100
乱世舞姬,2020/12/12,100,100
雪山恩仇,2020/12/12,100,100
平生心愿,2020/12/12,100,100
韶华故,2020/12/12,300,100
黑白路,2020/12/12,800,100
茶馆奇缘,2020/12/12,100,100
故园风雨,2020/12/12,100,100
脚气马,2020/12/12,100,100
踏炎,2020/12/12,100,100
里飞沙,2020/12/12,100,100
三内,2020/12/12,200,200
二内,2020/12/12,200,200
济世菩萨,2020/12/12,300,300
黑龙斩铁,2020/12/12,100,100
夜幕星河,2020/12/12,100,100
九霄,2020/12/12,100,100
贡月仙,2020/12/12,20,20
原天音,2020/12/12,20,20
淡墨清毫,2020/12/12,20,20
喷火小熊猫,2020/12/12,50,50
夜话白鹭,2020/12/12,50,50
素音冰弦,2020/12/12,50,50
舞云飞,2020/12/12,100,100
白虎仔,2020/12/12,50,50
白蛟腹,2020/12/12,100,100
珠盏映粉蕊,2020/12/12,100,100
焰归,2020/12/12,100,100
100级橙武,2020/12/12,7500,7500
100级玄晶,2020/12/12,5000,5000
下架,2020/12/12,100,200
成衣,2020/12/12,100,200
白发,2020/12/12,100,200
黑发,2020/12/12,50,100
拓印,2020/12/12,120,240
脚印,2020/12/12,300,100
